{

	"metadata" :
	{
		"formatVersion" : 3.1,
		"generatedBy"   : "Blender 2.65 Exporter",
		"vertices"      : 73,
		"faces"         : 82,
		"normals"       : 73,
		"colors"        : 0,
		"uvs"           : [],
		"materials"     : 1,
		"morphTargets"  : 0,
		"bones"         : 0
	},

	"scale" : 1.000000,

	"materials" : [	{
		"DbgColor" : 15658734,
		"DbgIndex" : 0,
		"DbgName" : "cloud",
		"blending" : "NormalBlending",
		"colorAmbient" : [0.800000011920929, 0.800000011920929, 0.800000011920929],
		"colorDiffuse" : [0.800000011920929, 0.800000011920929, 0.800000011920929],
		"colorSpecular" : [0.0, 0.0, 0.0],
		"depthTest" : true,
		"depthWrite" : true,
		"shading" : "Lambert",
		"specularCoef" : 1,
		"transparency" : 0.7200000286102295,
		"transparent" : true,
		"vertexColors" : false
	}],

	"vertices" : [-0.901935,0.910052,-0.943508,-1.02935,1.33859e-07,-1.12289,-1.11741,1.19209e-07,-1,-1.11741,0.75,-0.75,-1.11741,1,1.19209e-07,-1.02935,1.04762,1.24886e-07,-0.75,1.19047,-0.75,0,1.19047,-1,0,1.04762,-1.12289,-0.901935,0.910052,0.925534,-1.02935,-1.29038e-07,1.08245,-1,-1.58525e-07,1.3298,-0.75,0.75,1.3298,-1.11741,0.75,0.75,0,1,1.3298,0,1.04762,1.08245,0.90005,0.910052,-0.943508,0.75,1.19047,-0.75,1.02511,1.33859e-07,-1.12289,1,1.77809e-07,-1.49157,0.75,0.75,-1.49157,1,1.19047,1.41915e-07,1.02511,1.04762,1.24886e-07,0.90005,0.910052,0.925534,0.75,0.75,1.3298,1.02511,-1.29038e-07,1.08245,1.10045,-1.19209e-07,1,1.10045,0.75,0.75,0.75,1.19047,0.75,-0.555556,0.555555,1.51303,-0.75,-1.88011e-07,1.57715,0,-1.9784e-07,1.6596,0,0.75,1.57715,0.555556,0.555555,1.51303,0.75,-1.88011e-07,1.57715,-1.18264,0.555556,0.555556,-1.20547,0.75,8.9407e-08,-1.23483,0,0,-1.20547,-8.9407e-08,0.75,-1.18264,0.555556,-0.555556,-1.20547,8.9407e-08,-0.75,-0.555556,1.29629,-0.555555,-0.75,1.33332,1.58945e-07,0,1.38094,1.64621e-07,0,1.33332,-0.75,-1,1.19047,1.41915e-07,-0.555556,1.29629,0.555556,0,1.33332,0.75,-0.75,1.19047,0.75,0,1.19047,1,0.555556,1.29629,0.555556,0.75,1.33332,1.58945e-07,0.555556,1.29629,-0.555555,-0.555556,0.555556,-1.76467,0,0.75,-1.86025,0,2.36409e-07,-1.98314,-0.75,2.21759e-07,-1.86025,-0.75,0.75,-1.49157,0,1,-1.49157,0.555556,0.555556,-1.76467,0.75,2.21759e-07,-1.86025,1.15626,0.555556,-0.555556,1.17579,0.75,8.9407e-08,1.20091,0,0,1.17579,8.9407e-08,-0.75,1.10045,0.75,-0.75,1.10045,1,1.19209e-07,1.15626,0.555556,0.555556,1.17579,-8.9407e-08,0.75,-1.11741,-1.19209e-07,1,-1,1.77809e-07,-1.49157,1.10045,1.19209e-07,-1,1,-1.58525e-07,1.3298],

	"morphTargets" : [],

	"normals" : [-0.674276,0.599506,-0.431166,-0.774071,-0.515702,-0.367168,-0.685995,-0.612903,-0.392041,-0.844142,0.403912,-0.352428,-0.817316,0.576159,0.000916,-0.780389,0.625263,0.001556,-0.503525,0.741935,-0.442671,9.2e-05,0.776177,-0.630482,0.000153,0.856044,-0.516892,-0.656148,0.580004,0.482742,-0.75338,-0.476669,0.452956,-0.705832,-0.53676,0.462233,-0.59032,0.580676,0.560625,-0.830103,0.406995,0.381085,6.1e-05,0.826807,0.562456,0.000153,0.79751,0.603259,0.686697,0.591327,-0.422773,0.506943,0.739372,-0.443007,0.774987,-0.531144,-0.342418,0.75869,-0.54503,-0.356761,0.63921,0.629902,-0.441115,0.717185,0.69686,0.000763,0.799676,0.600391,0.001556,0.669301,0.571795,0.474349,0.592486,0.580615,0.558397,0.758476,-0.493057,0.426099,0.693564,-0.596759,0.403485,0.853023,0.381848,0.355663,0.508255,0.722251,0.469008,-0.341136,0.341136,0.875881,-0.363475,-0.557207,0.746544,0,-0.634846,0.772607,0,0.437727,0.899075,0.341136,0.341136,0.875881,0.363475,-0.557207,0.746544,-0.979003,0.144078,0.144078,-0.981903,0.189337,0,-0.731803,-0.681478,0,-0.752983,-0.641804,0.145177,-0.979003,0.144078,-0.144078,-0.752983,-0.641804,-0.145177,-0.222846,0.949034,-0.222846,-0.290658,0.956816,0,0,1,0,0,0.956816,-0.290658,-0.713004,0.701102,0.000763,-0.222846,0.949034,0.222846,0,0.956816,0.290658,-0.504868,0.724845,0.468673,9.2e-05,0.744377,0.667745,0.222846,0.949034,0.222846,0.290658,0.956816,0,0.222846,0.949034,-0.222846,-0.434339,0.434339,-0.789056,0,0.547868,-0.836543,0,-0.599872,-0.800073,-0.467483,-0.521439,-0.713797,-0.637715,0.630146,-0.442915,6.1e-05,0.897641,-0.440657,0.434339,0.434339,-0.789056,0.467483,-0.521439,-0.713797,0.984405,0.124302,-0.124302,0.986511,0.163579,0,0.728324,-0.685202,0,0.749046,-0.650716,-0.12421,0.865902,0.37846,-0.327006,0.841517,0.540178,0.000946,0.984405,0.124302,0.124302,0.749046,-0.650716,0.12421,0.708884,-0.534928,0.4597,-0.680166,-0.588794,0.436598,-0.756859,-0.546068,-0.35905,0.697256,-0.620289,-0.359203],

	"colors" : [],

	"uvs" : [],

	"faces" : [35,0,1,2,3,0,0,1,2,3,35,0,3,4,5,0,0,3,4,5,35,0,6,7,8,0,0,6,7,8,35,9,10,11,12,0,9,10,11,12,35,9,5,4,13,0,9,5,4,13,35,9,12,14,15,0,9,12,14,15,35,16,8,7,17,0,16,8,7,17,35,16,18,19,20,0,16,18,19,20,35,16,17,21,22,0,16,17,21,22,35,23,15,14,24,0,23,15,14,24,35,23,25,26,27,0,23,25,26,27,35,23,22,21,28,0,23,22,21,28,35,29,30,31,32,0,29,30,31,32,35,29,12,11,30,0,29,12,11,30,35,33,32,31,34,0,33,32,31,34,35,33,24,14,32,0,33,24,14,32,35,35,36,37,38,0,35,36,37,38,35,35,13,4,36,0,35,13,4,36,35,39,40,37,36,0,39,40,37,36,35,39,3,2,40,0,39,3,2,40,35,41,42,43,44,0,41,42,43,44,35,41,6,45,42,0,41,6,45,42,35,46,47,43,42,0,46,47,43,42,35,46,48,49,47,0,46,48,49,47,35,50,51,43,47,0,50,51,43,47,35,50,28,21,51,0,50,28,21,51,35,52,44,43,51,0,52,44,43,51,35,52,17,7,44,0,52,17,7,44,35,53,54,55,56,0,53,54,55,56,35,53,57,58,54,0,53,57,58,54,35,59,60,55,54,0,59,60,55,54,35,59,20,19,60,0,59,20,19,60,35,61,62,63,64,0,61,62,63,64,35,61,65,66,62,0,61,65,66,62,35,67,68,63,62,0,67,68,63,62,35,67,27,26,68,0,67,27,26,68,35,6,0,5,45,0,6,0,5,45,35,57,0,8,58,0,57,0,8,58,35,15,49,48,9,0,15,49,48,9,35,22,66,65,16,0,22,66,65,16,35,34,72,24,33,0,34,69,24,33,35,32,14,12,29,0,32,14,12,29,35,24,72,25,23,0,24,69,25,23,35,38,69,13,35,0,38,70,13,35,35,36,4,3,39,0,36,4,3,39,35,13,69,10,9,0,13,70,10,9,35,42,45,48,46,0,42,45,48,46,35,47,49,28,50,0,47,49,28,50,35,48,45,5,9,0,48,45,5,9,35,51,21,17,52,0,51,21,17,52,35,28,49,15,23,0,28,49,15,23,35,44,7,6,41,0,44,7,6,41,35,56,70,57,53,0,56,71,57,53,35,54,58,20,59,0,54,58,20,59,35,1,0,57,70,0,1,0,57,71,35,20,58,8,16,0,20,58,8,16,35,64,71,65,61,0,64,72,65,61,35,62,66,27,67,0,62,66,27,67,35,65,71,18,16,0,65,72,18,16,35,27,66,22,23,0,27,66,22,23,34,34,31,30,0,34,31,30,34,34,30,11,0,34,30,11,34,72,34,11,0,69,34,11,34,72,11,10,0,69,11,10,34,25,72,10,0,25,69,10,34,25,10,69,0,25,10,70,34,26,25,69,0,26,25,70,34,26,69,38,0,26,70,38,34,68,26,38,0,68,26,38,34,68,38,37,0,68,38,37,34,63,68,37,0,63,68,37,34,63,37,40,0,63,37,40,34,64,63,40,0,64,63,40,34,2,64,40,0,2,64,40,34,2,71,64,0,2,72,64,34,2,1,71,0,2,1,72,34,1,18,71,0,1,18,72,34,1,70,18,0,1,71,18,34,70,19,18,0,71,19,18,34,70,56,19,0,71,56,19,34,56,60,19,0,56,60,19,34,56,55,60,0,56,55,60],

	"bones" : [],

	"skinIndices" : [],

	"skinWeights" : [],

	"animations" : []


}
