{

	"metadata" :
	{
		"formatVersion" : 3.1,
		"generatedBy"   : "Blender 2.65 Exporter",
		"vertices"      : 73,
		"faces"         : 80,
		"normals"       : 69,
		"colors"        : 0,
		"uvs"           : [],
		"materials"     : 2,
		"morphTargets"  : 0,
		"bones"         : 0
	},

	"scale" : 1.000000,

	"materials" : [	{
		"DbgColor" : 15658734,
		"DbgIndex" : 0,
		"DbgName" : "shack",
		"blending" : "NormalBlending",
		"colorAmbient" : [0.4053333342870076, 0.32820718777488445, 0.2188800129127504],
		"colorDiffuse" : [0.4053333342870076, 0.32820718777488445, 0.2188800129127504],
		"colorSpecular" : [0.0, 0.0, 0.0],
		"depthTest" : true,
		"depthWrite" : true,
		"shading" : "Lambert",
		"specularCoef" : 1,
		"transparency" : 1.0,
		"transparent" : true,
		"vertexColors" : false
	},

	{
		"DbgColor" : 15597568,
		"DbgIndex" : 1,
		"DbgName" : "stone",
		"blending" : "NormalBlending",
		"colorAmbient" : [0.586880025072098, 0.586880025072098, 0.586880025072098],
		"colorDiffuse" : [0.586880025072098, 0.586880025072098, 0.586880025072098],
		"colorSpecular" : [0.0, 0.0, 0.0],
		"depthTest" : true,
		"depthWrite" : true,
		"shading" : "Lambert",
		"specularCoef" : 1,
		"transparency" : 1.0,
		"transparent" : true,
		"vertexColors" : false
	},

	{
		"DbgColor" : 60928,
		"DbgIndex" : 2,
		"DbgName" : "Material.001",
		"blending" : "NormalBlending",
		"colorAmbient" : [0.008017305404205699, 0.008017305404205699, 0.008017305404205699],
		"colorDiffuse" : [0.008017305404205699, 0.008017305404205699, 0.008017305404205699],
		"colorSpecular" : [0.00670518446713686, 0.00670518446713686, 0.00670518446713686],
		"depthTest" : true,
		"depthWrite" : true,
		"shading" : "Lambert",
		"specularCoef" : 50,
		"transparency" : 1.0,
		"transparent" : false,
		"vertexColors" : false
	}],

	"vertices" : [0.470993,-2,-1,0.470993,-2,-0.792419,0.470993,1.27389,-0.792419,0.470993,1.39047,-1,0.470993,-2,1,2.47099,-2,1,2.47099,1.39047,1,0.470993,1.39047,1,0.470993,-2,0.792419,2.47099,-2,0.792419,2.47099,1.39047,-1,2.47099,-2,-1,0.470993,1.7569,2.09438e-07,0.470993,2,2.38419e-07,0.470993,1.27389,0.792419,2.47099,-2,-0.792419,2.47099,1.27389,0.792419,2.47099,1.27389,-0.792419,2.47099,2,2.38419e-07,2.47099,1.7569,2.09438e-07,-5.09116,2.26817,-2.25594,-6.61353,1.72238,-2.50958,-7.18202,2.29087,-0.8853,-5.88074,3.05775,3.64513e-07,-5.09116,2.26817,2.25594,-5.88074,0.0122321,3.04552,-2.83522,0.012232,4.06069,-2.83522,3.05775,3.04552,-6.89591,0.0122324,1.45822e-09,-5.1913,3.78242,2.35608,-5.66631,4.25743,0.998909,-0.579278,2.26817,-2.25594,0.210301,0.0122328,-3.04552,-2.83522,0.0122329,-4.06069,-2.83522,1.44684,-3.58249,-1.31339,2.52511,-2.51288,-2.83522,3.59472,-1.43461,-2.83522,4.07293,4.85531e-07,0.210301,3.05775,3.64513e-07,-0.579278,2.26817,2.25594,-0.356557,1.51701,3.74544,0.200886,-0.0756866,4.30288,0.210301,0.0122321,3.04552,-5.88074,0.0122328,-3.04552,-7.18202,0.0980988,-3.07807,-4.35705,2.52511,-2.51288,-3.83413,4.86816,0.998909,-7.91295,0.0980985,-0.8853,-3.83413,4.25743,2.83109,-1.94925,2.07445,4.30288,1.22547,0.0122324,1.45822e-09,-1.94925,-0.0756867,5.01959,-3.92789,3.0592,-3.04697,-2.83522,2.285,-3.81495,-1.74255,3.0592,-3.04697,-2.83522,3.82718,-2.27277,-5.89433,-2.06091,3.03146,-2.84881,-2.06091,4.04663,-6.9095,-2.06091,-0.0140637,0.19671,-2.06091,-3.05958,-2.84881,-2.06091,-4.07476,0.187295,-2.14883,4.28881,0.19671,-2.06091,3.03146,-5.89433,-2.06091,-3.05958,-7.19562,-1.97504,-3.09214,-7.92654,-1.97504,-0.899364,1.21188,-2.06091,-0.0140637,-1.96284,-2.14883,5.00553,0.677862,1.83249,0.0226974,0.62707,1.39418,-0.983751,0.58748,1.39481,0.999383,0.81419,-1.97316,-1.00598,0.829779,-2.02181,1.01017],

	"morphTargets" : [],

	"normals" : [-0.577349,-0.577349,-0.577349,-0.577349,-0.577349,0.577349,-0.835475,-0.269051,0.47908,-0.611713,0.387341,-0.689718,0.577349,-0.577349,0.577349,0.611713,0.387341,0.689718,-0.611713,0.387341,0.689718,0.577349,-0.577349,-0.577349,0.611713,0.387341,-0.689718,-0.844844,-0.534959,0,-0.606586,0.795007,0,-0.835475,-0.269051,-0.47908,0.835475,-0.269051,-0.47908,0.835475,-0.269051,0.47908,0.606586,0.795007,0,0.844844,-0.534959,0,-0.287118,0.692679,-0.66158,-0.419782,0.574023,-0.702994,-0.755272,0.646046,0.110172,-0.732902,0.67687,-0.068361,-0.69219,0.204108,0.69219,-0.694357,0.181402,0.696371,-0.556536,0.149724,0.817194,0.088015,0.656453,0.749168,-0.804743,0.143925,0.575854,-0.668294,0.326609,0.668294,-0.764275,0.637226,-0.09888,0.62157,0.698874,0.353801,0.665059,0.746727,-0.006348,0.197699,0.958708,-0.204382,0.694052,0.547655,0.467238,0.793146,0.182531,0.580981,0.973418,0.172369,0.150761,-0.134373,0.176916,-0.975005,-0.559862,0.197333,-0.804712,-0.116672,-0.747917,-0.653432,-0.482864,-0.566759,-0.667501,0.132908,0.982147,-0.132908,-0.955565,0.168187,0.241951,0.09888,0.637226,0.764275,-0.087069,0.601733,0.793908,-0.556841,-0.618976,0.55385,-0.360546,-0.766961,0.530778,0.892178,0.288858,0.347179,0.995849,0.090854,0.002411,0.917722,0.397046,0.010834,0.639546,-0.625202,0.44731,0.678701,-0.730888,0.071474,0.894559,0.291635,-0.338664,-0.537675,-0.771813,0.339305,-0.220099,0.159337,0.962371,-0.793176,-0.57448,0.201941,0.000671,0.191382,-0.981506,0.708853,0.175909,-0.683035,0.581439,-0.605304,-0.543596,0.00296,-0.639119,-0.769066,0.694205,-0.673208,0.254585,-0.540757,0.594775,-0.594775,-0.643239,0.541368,-0.541368,0,0.084628,-0.996399,0,0.195959,-0.98059,0.643239,0.541368,-0.541368,0.540757,0.594775,-0.594775,0,0.996399,-0.084628,0,0.98059,-0.195959,0.534837,0.601245,-0.593646,0.711966,-0.651448,-0.262001,0.766289,-0.642445,0.002319,-0.208594,-0.630421,0.747642],

	"colors" : [],

	"uvs" : [],

	"faces" : [35,0,1,2,3,0,0,1,2,3,35,4,5,6,7,0,1,4,5,6,35,4,8,9,5,0,1,0,7,4,35,11,0,3,10,0,7,0,3,8,35,3,2,12,13,0,3,2,9,10,35,7,14,8,4,0,6,11,0,1,35,1,0,11,15,0,1,0,7,4,35,5,9,16,6,0,4,7,12,5,35,10,17,15,11,0,8,13,4,7,35,6,18,13,7,0,5,14,10,6,35,6,16,19,18,0,5,12,15,14,35,18,19,17,10,0,14,15,13,8,35,13,18,10,3,0,10,14,8,3,35,13,12,14,7,0,10,9,11,6,35,1,15,17,2,0,1,4,13,2,35,2,17,19,12,0,2,13,15,9,35,14,16,9,8,0,11,12,7,0,35,14,12,19,16,0,11,9,15,12,35,20,21,22,23,1,16,17,18,19,35,24,25,26,27,1,20,21,22,23,35,24,23,28,25,1,20,19,24,21,35,24,29,30,23,1,20,25,26,19,35,39,38,37,27,1,27,28,29,23,35,39,40,41,42,1,27,30,31,32,35,21,20,43,44,1,17,16,33,34,35,44,43,63,64,1,34,33,35,36,35,23,30,46,37,1,19,26,37,29,35,23,22,47,28,1,19,18,38,24,35,27,48,29,24,1,23,39,25,20,35,27,49,40,39,1,23,40,30,27,35,26,25,56,57,1,22,21,41,42,34,70,50,68,2,43,44,45,35,42,41,61,62,1,32,31,46,47,34,68,50,69,2,45,44,48,35,37,46,48,27,1,29,37,39,23,35,25,28,58,56,1,21,24,49,41,35,26,51,49,27,1,22,50,40,23,35,47,44,64,65,1,38,34,36,51,35,33,32,59,60,1,52,53,54,55,35,70,42,62,72,1,43,32,47,56,35,48,46,30,29,1,39,37,26,25,35,45,52,53,34,1,57,58,59,60,35,34,53,54,35,1,60,59,61,62,35,35,54,55,36,1,62,61,63,64,35,36,55,52,45,1,64,63,58,57,35,52,55,54,53,1,58,63,61,59,35,49,51,41,40,1,40,50,31,30,35,21,44,47,22,1,17,34,38,18,34,34,33,43,1,60,52,33,34,45,34,43,1,57,60,33,34,43,20,45,1,33,16,57,34,20,36,45,1,16,64,57,34,20,37,36,1,16,29,64,34,20,23,37,1,16,19,29,34,32,33,34,1,53,52,60,34,35,32,34,1,62,53,60,34,35,31,32,1,62,65,53,34,36,31,35,1,64,65,62,34,36,37,31,1,64,29,65,34,37,38,31,1,29,28,65,34,56,58,57,1,41,49,42,35,59,71,66,60,1,54,66,67,55,35,62,61,67,57,1,47,46,68,42,35,57,66,72,62,1,42,67,56,47,34,60,58,63,1,55,49,35,35,66,57,58,60,1,67,42,49,55,35,58,65,64,63,1,49,51,36,35,35,51,26,57,67,1,50,22,42,68,35,28,47,65,58,1,24,38,51,49,35,41,51,67,61,1,31,50,68,46,35,43,33,60,63,1,33,52,55,35,35,69,50,66,71,2,48,44,67,66,34,68,38,39,1,45,28,27,34,70,68,39,1,43,45,27,34,42,70,39,1,32,43,27,34,38,32,31,1,28,53,65,34,38,68,69,1,28,45,48,34,38,69,32,1,28,48,53,35,50,70,72,66,2,44,43,56,67,35,32,69,71,59,1,53,48,66,54],

	"bones" : [],

	"skinIndices" : [],

	"skinWeights" : [],

	"animations" : []


}
