{

	"metadata" :
	{
		"formatVersion" : 3.1,
		"generatedBy"   : "Blender 2.65 Exporter",
		"vertices"      : 56,
		"faces"         : 83,
		"normals"       : 56,
		"colors"        : 0,
		"uvs"           : [],
		"materials"     : 1,
		"morphTargets"  : 0,
		"bones"         : 0
	},

	"scale" : 1.000000,

	"materials" : [	{
		"DbgColor" : 15658734,
		"DbgIndex" : 0,
		"DbgName" : "leaves",
		"blending" : "NormalBlending",
		"colorAmbient" : [0.21205332595189397, 0.4480000085830689, 0.1493333361943563],
		"colorDiffuse" : [0.21205332595189397, 0.4480000085830689, 0.1493333361943563],
		"colorSpecular" : [0.0, 0.0, 0.0],
		"depthTest" : true,
		"depthWrite" : true,
		"shading" : "Lambert",
		"specularCoef" : 1,
		"transparency" : 1.0,
		"transparent" : true,
		"vertexColors" : false
	},

	{
		"DbgColor" : 15597568,
		"DbgIndex" : 1,
		"DbgName" : "trunk",
		"blending" : "NormalBlending",
		"colorAmbient" : [0.4373333519299827, 0.3565948777883481, 0.24557948478429736],
		"colorDiffuse" : [0.4373333519299827, 0.3565948777883481, 0.24557948478429736],
		"colorSpecular" : [0.0, 0.0, 0.0],
		"depthTest" : true,
		"depthWrite" : true,
		"shading" : "Lambert",
		"specularCoef" : 1,
		"transparency" : 1.0,
		"transparent" : true,
		"vertexColors" : false
	}],

	"vertices" : [-0.1928,0.73376,-0.1928,-0.580779,0.36688,-0.580779,-0.580779,0.36688,0.580779,-0.1928,0.73376,0.1928,0.1928,0.73376,0.1928,0.1928,0.73376,-0.1928,0.580779,0.36688,0.580779,0.580779,0.36688,-0.580779,0.757428,-9.02925e-08,0.757428,0.757428,9.02925e-08,-0.757428,-0.757428,9.02925e-08,-0.757428,1.0935,-0.585927,-1.0935,0.56224,-1,-1,-0.56224,-1,-1,-1.0935,-0.585927,-1.0935,-0.2708,-1,0.2708,-0.56224,-1,1,-1.06241,-1.21197,1.06241,-0.2708,-1,-0.2708,-1,-1,-0.56224,-1.06241,-1.21197,-1.06241,0.2708,-1,-0.2708,1.06241,-1.21197,-1.06241,0.2708,-1,0.2708,1,-1,0.56224,1.06241,-1.21197,1.06241,-1,-1,0.56224,-1.0935,-0.585927,1.0935,-0.757428,-9.02925e-08,0.757428,0.56224,-1,1,1.0935,-0.585927,1.0935,1,-1,-0.56224,-0.2708,-1,0.2708,-0.2708,-1.32102,0.2708,0.2708,-1.32102,0.2708,0.2708,-1,0.2708,-0.2708,-1,-0.2708,-0.2708,-1.32102,-0.2708,0.2708,-1,-0.2708,0.2708,-1.32102,-0.2708,-0.329049,-1.6263,0.329049,-0.174233,-1.84582,0.348465,0.174233,-1.84582,0.348465,0.329049,-1.6263,0.329049,-0.329049,-1.6263,-0.329049,-0.348465,-1.84582,-0.174233,-0.348465,-1.84582,0.174232,0.329049,-1.6263,-0.329049,0.174233,-1.84582,-0.348466,-0.174233,-1.84582,-0.348466,0.348465,-1.84582,0.174232,0.348465,-1.84582,-0.174233,-0.640976,-1.91423,0.640976,-0.640976,-1.91423,-0.640977,0.640976,-1.91423,-0.640977,0.640976,-1.91423,0.640976],

	"morphTargets" : [],

	"normals" : [-0.289254,0.912473,-0.289254,-0.526139,0.668081,-0.526139,-0.526139,0.668081,0.526139,-0.289254,0.912473,0.289254,0.289254,0.912473,-0.289254,0.289254,0.912473,0.289254,0.526139,0.668081,0.526139,0.526139,0.668081,-0.526139,0.63741,0.432844,0.63741,0.63741,0.432844,-0.63741,-0.63741,0.432844,-0.63741,0.022767,-0.999451,-0.022767,0.210944,-0.532212,0.81988,-0.488784,-0.722556,0.488784,0.022767,-0.999451,0.022767,-0.81988,-0.532212,0.210944,-0.488784,-0.722556,-0.488784,-0.022767,-0.999451,0.022767,-0.210944,-0.532212,-0.81988,0.488784,-0.722556,-0.488784,-0.022767,-0.999451,-0.022767,0.81988,-0.532212,-0.210944,0.488784,-0.722556,0.488784,-0.81988,-0.532212,-0.210944,-0.688589,0.22721,-0.688589,0.210944,-0.532212,-0.81988,-0.688589,0.22721,0.688589,-0.210944,-0.532212,0.81988,0.688589,0.22721,-0.688589,0.81988,-0.532212,0.210944,0.688589,0.22721,0.688589,-0.63741,0.432844,0.63741,-0.707083,0,0.707083,-0.702628,0.112339,0.702628,0.702628,0.112339,0.702628,0.707083,0,0.707083,-0.707083,0,-0.707083,-0.702628,0.112339,-0.702628,0.707083,0,-0.707083,0.702628,0.112339,-0.702628,-0.679708,-0.275552,0.679708,-0.713248,-0.682974,-0.157414,0.157414,-0.682974,0.713248,-0.644124,0.412488,0.644124,-0.679708,-0.275552,-0.679708,0.157414,-0.682974,-0.713248,-0.713248,-0.682974,0.157414,-0.644124,0.412488,-0.644124,0.679708,-0.275552,-0.679708,0.713248,-0.682974,0.157414,-0.157414,-0.682974,-0.713248,0.644124,0.412488,-0.644124,0.679708,-0.275552,0.679708,-0.157414,-0.682974,0.713248,0.713248,-0.682974,-0.157414,0.644124,0.412488,0.644124],

	"colors" : [],

	"uvs" : [],

	"faces" : [35,0,1,2,3,0,0,1,2,3,35,5,0,3,4,0,4,0,3,5,35,3,2,6,4,0,3,2,6,5,35,1,0,5,7,0,1,0,4,7,35,4,6,7,5,0,5,6,7,4,35,8,9,7,6,0,8,9,7,6,35,9,10,1,7,0,9,10,1,7,34,15,16,17,0,11,12,13,34,18,19,20,0,14,15,16,34,21,12,22,0,17,18,19,34,23,24,25,0,20,21,22,35,19,18,15,26,0,15,14,11,23,34,19,14,20,0,15,24,16,34,13,20,14,0,25,16,24,34,20,13,18,0,16,25,14,34,26,17,27,0,23,13,26,34,27,17,16,0,26,13,12,35,16,15,23,29,0,12,11,20,27,34,17,26,15,0,13,23,11,35,12,21,18,13,0,18,17,14,25,34,12,11,22,0,18,28,19,34,22,31,21,0,19,29,17,34,22,11,31,0,19,28,29,34,29,25,30,0,27,22,30,34,30,25,24,0,30,22,21,35,24,23,21,31,0,21,20,17,29,34,25,29,23,0,22,27,20,35,2,1,10,28,0,2,1,10,31,35,6,2,28,8,0,6,2,31,8,34,8,28,27,0,8,31,26,34,30,8,27,0,30,8,26,34,30,27,16,0,30,26,12,34,29,30,16,0,27,30,12,34,28,10,14,0,31,10,24,34,27,28,14,0,26,31,24,34,19,27,14,0,15,26,24,34,19,26,27,0,15,23,26,34,14,12,13,0,24,18,25,34,14,11,12,0,24,28,18,34,14,10,11,0,24,10,28,34,10,9,11,0,10,9,28,34,11,9,8,0,28,9,8,34,11,8,30,0,28,8,30,34,31,11,30,0,29,28,30,34,31,30,24,0,29,30,21,35,32,33,34,35,1,32,33,34,35,35,33,32,36,37,1,33,32,36,37,35,38,39,37,36,1,38,39,37,36,35,35,34,39,38,1,35,34,39,38,34,52,46,41,1,40,41,42,34,52,40,46,1,40,43,41,34,53,49,45,1,44,45,46,34,53,44,49,1,44,47,45,34,54,51,48,1,48,49,50,34,54,47,51,1,48,51,49,34,55,42,50,1,52,53,54,34,55,43,42,1,52,55,53,34,41,40,52,1,42,43,40,34,45,44,53,1,46,47,44,34,48,47,54,1,50,51,48,34,50,43,55,1,54,55,52,34,34,33,40,1,34,33,43,34,43,34,40,1,55,34,43,34,43,40,41,1,55,43,42,34,42,43,41,1,53,55,42,34,48,49,44,1,50,45,47,34,47,48,44,1,51,50,47,34,39,47,44,1,39,51,47,34,39,44,37,1,39,47,37,34,34,47,39,1,34,51,39,34,34,43,47,1,34,55,51,34,43,51,47,1,55,49,51,34,43,50,51,1,55,54,49,34,46,42,41,1,41,53,42,34,46,50,42,1,41,54,53,34,46,45,50,1,41,46,54,34,45,51,50,1,46,49,54,34,45,49,51,1,46,45,49,34,49,48,51,1,45,50,49,34,33,37,44,1,33,37,47,34,40,33,44,1,43,33,47,34,40,44,45,1,43,47,46,34,40,45,46,1,43,46,41],

	"bones" : [],

	"skinIndices" : [],

	"skinWeights" : [],

	"animations" : []


}
